,0,1,2,3,4,5,6,7,8,9,10,11,12,13,14,15,accuracy,macro avg,weighted avg
precision,0.0,0.0,0.18032786885245902,0.11688311688311688,0.17164179104477612,0.0,0.0,0.0,0.0,0.0,0.0,0.13114754098360656,0.15517241379310345,0.16,0.0,0.0,0.10454545454545454,0.057198295722316383,0.11806404659840107
recall,0.0,0.0,0.21153846153846154,0.1875,0.1393939393939394,0.0,0.0,0.0,0.0,0.0,0.0,0.1391304347826087,0.08333333333333333,0.046511627906976744,0.0,0.0,0.10454545454545454,0.05046298730970748,0.10454545454545454
f1-score,0.0,0.0,0.19469026548672566,0.14400000000000002,0.15384615384615383,0.0,0.0,0.0,0.0,0.0,0.0,0.13502109704641352,0.10843373493975902,0.07207207207207207,0.0,0.0,0.10454545454545454,0.050503957711945255,0.10556008037189157
support,3.0,0.0,104.0,96.0,165.0,0.0,0.0,0.0,0.0,0.0,0.0,115.0,108.0,86.0,122.0,81.0,0.10454545454545454,880.0,880.0
