,0,1,2,3,4,5,6,7,8,9,10,11,12,accuracy,macro avg,weighted avg
precision,0.08333333333333333,0.09574468085106383,0.07758620689655173,0.07920792079207921,0.075,0.08536585365853659,0.043478260869565216,0.0759493670886076,0.09836065573770492,0.05263157894736842,0.04878048780487805,0.0,0.0,0.075,0.06272602661382223,0.07304594788624483
recall,0.08641975308641975,0.11688311688311688,0.10227272727272728,0.0963855421686747,0.07317073170731707,0.07692307692307693,0.0297029702970297,0.09090909090909091,0.07317073170731707,0.046875,0.04878048780487805,0.0,0.0,0.075,0.06473024836612679,0.075
f1-score,0.08484848484848485,0.10526315789473682,0.08823529411764706,0.08695652173913045,0.07407407407407407,0.08092485549132947,0.035294117647058816,0.08275862068965519,0.0839160839160839,0.049586776859504134,0.04878048780487805,0.0,0.0,0.075,0.06312603654481408,0.07327246703307405
support,81.0,77.0,88.0,83.0,82.0,91.0,101.0,66.0,82.0,64.0,41.0,19.0,5.0,0.075,880.0,880.0
