,0,2,3,4,11,12,13,14,15,accuracy,macro avg,weighted avg
precision,0.0,0.1308411214953271,0.11764705882352941,0.17721518987341772,0.2,0.1365079365079365,0.0,0.0,0.0,0.1409090909090909,0.08469014518891231,0.09823526492142229
recall,0.0,0.14893617021276595,0.043010752688172046,0.10852713178294573,0.05309734513274336,0.6615384615384615,0.0,0.0,0.0,0.1409090909090909,0.11278998459500984,0.1409090909090909
f1-score,0.0,0.13930348258706465,0.06299212598425197,0.1346153846153846,0.0839160839160839,0.22631578947368422,0.0,0.0,0.0,0.1409090909090909,0.07190476295294104,0.08547926114681882
support,1.0,94.0,93.0,129.0,113.0,130.0,114.0,136.0,70.0,0.1409090909090909,880.0,880.0
