,0,1,2,3,4,5,6,7,8,9,10,11,12,accuracy,macro avg,weighted avg
precision,0.08433734939759036,0.10747663551401869,0.09693877551020408,0.10778443113772455,0.109375,0.13793103448275862,0.17142857142857143,0.047619047619047616,0.0,0.0625,0.0,0.0,0.0,0.10454545454545454,0.07118391116076271,0.08927427643203097
recall,0.08641975308641975,0.2987012987012987,0.2159090909090909,0.21686746987951808,0.08536585365853659,0.04395604395604396,0.1188118811881188,0.015151515151515152,0.0,0.015625,0.0,0.0,0.0,0.10454545454545454,0.08436983896388783,0.10454545454545454
f1-score,0.08536585365853658,0.15807560137457044,0.13380281690140847,0.14400000000000002,0.09589041095890412,0.06666666666666667,0.14035087719298245,0.022988505747126436,0.0,0.025,0.0,0.0,0.0,0.10454545454545454,0.06708774865386116,0.08413120872796104
support,81.0,77.0,88.0,83.0,82.0,91.0,101.0,66.0,82.0,64.0,41.0,19.0,5.0,0.10454545454545454,880.0,880.0
