,0,2,3,4,11,12,13,14,15,accuracy,macro avg,weighted avg
precision,0.0,0.14285714285714285,0.2,0.08974358974358974,0.23809523809523808,0.0,0.3333333333333333,0.125,0.0,0.12878787878787878,0.12544770044770046,0.1259046509046509
recall,0.0,0.04,0.09090909090909091,0.3684210526315789,0.3125,0.0,0.2,0.0625,0.0,0.12878787878787878,0.1193700159489633,0.12878787878787878
f1-score,0.0,0.0625,0.12500000000000003,0.1443298969072165,0.27027027027027023,0.0,0.25,0.08333333333333333,0.0,0.12878787878787878,0.10393705561231334,0.10482898256738463
support,1.0,25.0,11.0,19.0,16.0,7.0,10.0,16.0,27.0,0.12878787878787878,132.0,132.0
